Date,Cloud Agent ID,Automation ID,Kind,Model,Max Mode,Input (w/ Cache Write),Input (w/o Cache Write),Cache Read,Output Tokens,Total Tokens,Cost
"2026-06-17T07:10:03.037Z","","","Included","auto","No","0","22392","49696","1394","73482","Included"
"2026-06-17T07:09:17.224Z","","","Included","auto","No","0","6310","8428","710","15448","Included"
"2026-06-15T03:22:34.813Z","","","Included","auto","No","0","12157","43936","640","56733","Included"
"2026-06-10T08:39:48.895Z","","","Included","auto","No","0","69","12377","418","12864","Included"
"2026-06-10T08:38:56.734Z","","","Included","auto","No","0","14597","13602","517","28716","Included"
"2026-06-10T08:07:49.801Z","","","Included","auto","No","0","97","45856","110","46063","Included"
"2026-06-10T08:06:34.806Z","","","Included","auto","No","0","37676","8288","124","46088","Included"
"2026-06-10T08:05:41.054Z","","","Included","auto","No","0","229","45696","94","46019","Included"
"2026-06-10T08:04:01.098Z","","","Included","auto","No","0","36997","53408","648","91053","Included"
"2026-06-09T06:32:24.754Z","","","Included","auto","No","0","6437","161760","2780","170977","Included"
"2026-06-09T06:15:33.004Z","","","Included","auto","No","0","90305","574144","7059","671508","Included"
"2026-06-09T06:10:56.835Z","","","Included","auto","No","0","11120","1396032","6222","1413374","Included"
"2026-06-09T06:09:04.153Z","","","Included","auto","No","0","155248","1309824","5205","1470277","Included"
"2026-06-09T04:00:08.822Z","","","Included","auto","No","0","1967","327584","1819","331370","Included"
"2026-06-09T03:59:36.590Z","","","Included","auto","No","0","4162","305152","4447","313761","Included"
"2026-06-09T03:58:42.689Z","","","Included","auto","No","0","6040","342848","3215","352103","Included"
"2026-06-09T03:57:40.895Z","","","Included","auto","No","0","11303","240704","6069","258076","Included"
"2026-06-09T03:50:00.189Z","","","Included","auto","No","0","138847","860000","13698","1012545","Included"
"2026-06-04T08:33:46.785Z","","","Included","auto","No","0","16813","1044832","3306","1064951","Included"
"2026-06-04T08:09:51.211Z","","","Included","auto","No","0","40578","1775456","10201","1826235","Included"
"2026-06-04T07:28:46.385Z","","","Included","auto","No","0","120155","728544","2681","851380","Included"
"2026-06-04T06:59:33.313Z","","","Included","auto","No","0","108068","341568","6988","456624","Included"
"2026-06-04T06:27:18.982Z","","","Included","composer-2.5","No","0","21211","1059392","13586","1094189","Included"
"2026-06-04T05:52:09.650Z","","","Included","composer-2.5","No","0","13252","386976","8062","408290","Included"
"2026-06-04T05:48:47.329Z","","","Included","composer-2.5","No","0","2387","454080","856","457323","Included"
"2026-06-04T05:43:13.587Z","","","Included","composer-2.5","No","0","12032","329056","6807","347895","Included"
"2026-06-04T05:40:22.918Z","","","Included","composer-2.5","No","0","20871","675968","10667","707506","Included"
"2026-06-04T05:34:50.221Z","","","Included","composer-2.5","No","0","30721","595936","9938","636595","Included"
"2026-06-04T03:58:27.208Z","","","Included","composer-2.5","No","0","23976","1231904","8052","1263932","Included"
"2026-06-04T03:56:53.218Z","","","Included","composer-2.5","No","0","7271","688704","4639","700614","Included"
"2026-06-04T03:55:02.251Z","","","Included","composer-2.5","No","0","4739","1344192","1707","1350638","Included"
"2026-06-04T03:51:06.092Z","","","Included","composer-2.5","No","0","28759","2491008","9408","2529175","Included"
"2026-06-04T03:36:26.688Z","","","Included","composer-2.5","No","0","2675","540768","716","544159","Included"
"2026-06-04T03:32:43.995Z","","","Included","composer-2.5","No","0","17062","620224","9132","646418","Included"
"2026-06-04T03:16:05.507Z","","","Included","composer-2.5","No","0","4673","225152","2054","231879","Included"
"2026-06-04T03:10:40.110Z","","","Included","composer-2.5","No","0","14478","847552","9155","871185","Included"
"2026-06-04T02:51:23.345Z","","","Included","composer-2.5","No","0","5287","281248","2875","289410","Included"
"2026-06-04T02:44:25.881Z","","","Included","composer-2.5","No","0","36508","1245472","9193","1291173","Included"
"2026-06-04T02:30:08.818Z","","","Included","composer-2.5","No","0","17280","516192","6626","540098","Included"
"2026-06-04T02:27:12.967Z","","","Included","composer-2.5","No","0","31688","309056","10863","351607","Included"
"2026-06-04T02:05:49.741Z","","","Included","composer-2.5","No","0","161070","656756","5730","823556","Included"
"2026-06-04T01:47:54.501Z","","","Included","composer-2.5","No","0","1321","312779","1173","315273","Included"
"2026-06-04T01:46:02.875Z","","","Included","composer-2.5","No","0","150247","471502","863","622612","Included"
"2026-06-04T01:18:31.090Z","","","Included","composer-2.5","No","0","7701","745532","4407","757640","Included"
"2026-06-04T01:16:10.932Z","","","Included","composer-2.5","No","0","5244","569957","2760","577961","Included"
"2026-06-04T01:10:24.259Z","","","Included","composer-2.5","No","0","9654","819860","4753","834267","Included"
"2026-06-04T01:08:24.366Z","","","Included","composer-2.5","No","0","124695","135023","3847","263565","Included"
"2026-06-03T10:12:13.128Z","","","Included","composer-2.5","No","0","229921","1719910","7242","1957073","Included"
"2026-06-03T09:36:01.341Z","","","Included","composer-2.5","No","0","103407","744146","2676","850229","Included"
"2026-06-03T03:11:20.356Z","","","Included","composer-2.5","No","0","92406","444253","8516","545175","Included"
"2026-05-27T08:58:49.036Z","","","Included","auto","No","0","15100","2129856","4018","2148974","Included"
"2026-05-27T08:55:03.095Z","","","Included","auto","No","0","33484","3383328","9113","3425925","Included"
"2026-05-27T08:18:17.286Z","","","Included","auto","No","0","12400","929856","4477","946733","Included"
"2026-05-27T08:12:04.503Z","","","Included","auto","No","0","105040","3081920","16274","3203234","Included"
"2026-05-26T10:33:46.750Z","","","Included","auto","No","0","228685","3569248","16046","3813979","Included"
"2026-05-20T08:06:11.984Z","","","Included","auto","No","0","49819","2184704","9895","2244418","Included"
"2026-05-20T07:59:32.660Z","","","Included","auto","No","0","53845","2565376","12273","2631494","Included"
"2026-05-20T07:55:59.120Z","","","Included","auto","No","0","161298","820992","1404","983694","Included"
"2026-05-20T06:59:55.914Z","","","Included","auto","No","0","156289","1356032","3236","1515557","Included"
"2026-05-20T06:45:47.858Z","","","Included","premium","No","0","5571","255488","847","261906","Included"
"2026-05-20T06:34:28.119Z","","","Included","premium","No","0","119625","7680","1132","128437","Included"
"2026-05-20T06:31:24.141Z","","","Included","auto","No","0","6251","387584","2666","396501","Included"
"2026-05-20T06:28:30.278Z","","","Included","auto","No","0","2397","124672","1679","128748","Included"
"2026-05-20T06:25:05.287Z","","","Included","auto","No","0","146344","589312","3719","739375","Included"
"2026-05-20T06:05:33.994Z","","","Included","auto","No","0","111000","228608","4740","344348","Included"
"2026-05-20T02:50:05.393Z","","","Included","auto","No","0","2111","106240","793","109144","Included"
"2026-05-20T02:48:27.444Z","","","Included","auto","No","0","2328","208896","2067","213291","Included"
"2026-05-20T02:44:51.797Z","","","Included","auto","No","0","6895","605696","5930","618521","Included"
"2026-05-20T02:44:05.995Z","","","Included","auto","No","0","1919","94720","501","97140","Included"
"2026-05-20T02:41:04.155Z","","","Included","auto","No","0","89952","188672","2162","280786","Included"
"2026-05-20T02:13:49.185Z","","","Included","auto","No","0","83128","455168","4160","542456","Included"
"2026-05-20T02:09:00.827Z","","","Included","auto","No","0","139605","1355264","8058","1502927","Included"
"2026-05-19T08:34:33.534Z","","","Included","auto","No","0","13039","954624","2457","970120","Included"
"2026-05-19T08:21:41.026Z","","","Included","auto","No","0","32125","2118912","10621","2161658","Included"
"2026-05-19T08:13:12.828Z","","","Included","auto","No","0","6190","657408","1460","665058","Included"
"2026-05-19T08:05:22.523Z","","","Included","auto","No","0","68310","2174720","16375","2259405","Included"
"2026-05-19T08:05:07.990Z","","","Included","auto","No","","","","","","Free"
"2026-05-19T08:02:34.750Z","","","Included","auto","No","0","15261","1953792","4503","1973556","Included"
"2026-05-19T07:49:04.344Z","","","Included","auto","No","0","41060","4754176","12837","4808073","Included"
"2026-05-19T07:37:01.842Z","","","Included","auto","No","0","31733","1861632","8980","1902345","Included"
"2026-05-19T07:34:32.034Z","","","Included","auto","No","0","101741","1485824","4621","1592186","Included"
"2026-05-19T05:51:04.664Z","","","Included","auto","No","0","890","85504","1289","87683","Included"
"2026-05-19T05:39:28.147Z","","","Included","auto","No","0","155625","2726144","16310","2898079","Included"
"2026-05-19T02:56:18.103Z","","","Included","premium","No","63791","136192","3776625","23543","4000151","Included"
"2026-05-19T02:38:30.037Z","","","Included","premium","No","408872","187038","17417402","48838","18062150","Included"
"2026-05-18T11:00:11.133Z","","","Included","premium","No","0","7394","180096","1420","188910","Included"
"2026-05-18T10:25:47.777Z","","","Included","premium","No","0","17534","41600","245","59379","Included"
"2026-05-18T10:23:09.907Z","","","Included","premium","No","0","30329","482176","2315","514820","Included"
"2026-05-18T10:16:26.417Z","","","Included","premium","No","0","578890","2275584","19771","2874245","Included"
"2026-05-18T08:03:05.902Z","","","Included","premium","No","0","338823","1383808","7488","1730119","Included"
"2026-05-18T07:39:57.561Z","","","Included","premium","No","0","2635","1123200","704","1126539","Included"
"2026-05-18T07:38:56.063Z","","","Included","premium","No","0","409","223232","153","223794","Included"
"2026-05-18T07:38:40.234Z","","","Included","premium","No","0","6782","216448","140","223370","Included"
"2026-05-18T07:36:27.879Z","","","Included","premium","No","0","49811","1274240","1720","1325771","Included"
"2026-05-18T07:03:49.131Z","","","Included","premium","No","0","2403","427648","682","430733","Included"
"2026-05-18T06:54:27.567Z","","","Included","premium","No","0","40263","173184","140","213587","Included"
"2026-05-18T06:27:19.524Z","","","Included","premium","No","0","695","212224","254","213173","Included"
"2026-05-18T06:26:17.542Z","","","Included","premium","No","0","550","211840","529","212919","Included"
"2026-05-18T06:25:10.636Z","","","Included","premium","No","0","354","211584","175","212113","Included"
"2026-05-18T06:24:26.177Z","","","Included","premium","No","0","662","210816","189","211667","Included"
"2026-05-18T06:23:42.225Z","","","Included","premium","No","0","388","210560","379","211327","Included"
"2026-05-18T06:22:13.037Z","","","Included","premium","No","0","342","209920","391","210653","Included"
"2026-05-18T06:20:54.963Z","","","Included","premium","No","0","40160","376832","619","417611","Included"
"2026-05-18T05:43:21.345Z","","","Included","premium","No","0","181","206464","958","207603","Included"
"2026-05-18T05:42:43.991Z","","","Included","premium","No","","","","","","Free"
"2026-05-18T05:41:26.021Z","","","Included","premium","No","0","729","205312","1061","207102","Included"
"2026-05-18T05:39:52.652Z","","","Included","premium","No","0","197726","7680","977","206383","Included"
"2026-05-18T04:13:28.528Z","","","Included","premium","No","0","3018","610432","2025","615475","Included"
"2026-05-18T04:11:25.568Z","","","Included","premium","No","0","621","202112","267","203000","Included"
"2026-05-18T03:45:14.876Z","","","Included","premium","No","0","980","201216","466","202662","Included"
"2026-05-18T03:41:16.304Z","","","Included","premium","No","0","442","200960","1717","203119","Included"
"2026-05-18T03:40:41.166Z","","","Included","premium","No","0","584","200064","473","201121","Included"
"2026-05-18T03:39:46.111Z","","","Included","premium","No","0","366","199808","456","200630","Included"
"2026-05-18T03:38:48.443Z","","","Included","premium","No","0","1873","197760","271","199904","Included"
"2026-05-18T03:34:32.438Z","","","Included","premium","No","0","2505","594176","1470","598151","Included"
"2026-05-18T03:33:34.811Z","","","Included","premium","No","0","404","196992","197","197593","Included"
"2026-05-18T03:31:33.348Z","","","Included","premium","No","0","3690","193280","152","197122","Included"
"2026-05-18T03:29:10.737Z","","","Included","premium","No","0","17552","372608","1512","391672","Included"
"2026-05-18T03:26:24.387Z","","","Included","premium","No","0","25223","3021696","3834","3050753","Included"
"2026-05-18T03:04:36.501Z","","","Included","premium","No","0","17539","1583488","4792","1605819","Included"
"2026-05-18T03:00:07.736Z","","","Included","premium","No","0","9266","659968","1106","670340","Included"
"2026-05-18T02:52:37.189Z","","","Included","premium","No","0","10171","961664","2684","974519","Included"
"2026-05-18T02:49:50.493Z","","","Included","premium","No","0","12663","457728","1259","471650","Included"
"2026-05-18T02:48:23.649Z","","","Included","premium","No","0","32328","419456","1741","453525","Included"
"2026-05-18T02:43:36.635Z","","","Included","premium","No","0","138149","965120","2190","1105459","Included"
"2026-05-15T07:33:33.175Z","","","Included","premium","No","0","113093","1198336","3888","1315317","Included"
"2026-05-15T06:13:35.870Z","","","Included","premium","No","0","85172","7680","635","93487","Included"
"2026-05-15T06:10:15.973Z","","","Included","premium","No","0","71639","289792","1844","363275","Included"
"2026-05-15T06:10:05.113Z","","","Aborted, Not Charged","Premium (Codex 5.3)","No","","","","","","Free"
"2026-05-15T05:58:30.324Z","","","Included","premium","No","0","70773","1768064","11804","1850641","Included"
"2026-05-15T05:57:56.819Z","","","Included","premium","No","0","12434","40320","774","53528","Included"
"2026-05-14T08:08:18.349Z","","","Included","premium","No","0","92543","1858816","3615","1954974","Included"
"2026-05-14T08:04:47.260Z","","","Included","premium","No","0","133549","1897728","4900","2036177","Included"
"2026-05-14T07:53:57.090Z","","","Included","premium","No","0","55256","589952","3395","648603","Included"
"2026-05-14T07:53:05.601Z","","","Included","premium","No","0","7795","6656","275","14726","Included"
"2026-05-13T02:07:32.400Z","","","Included","premium","No","0","385","120704","342","121431","Included"
"2026-05-13T01:59:59.411Z","","","Included","premium","No","0","5021","115584","204","120809","Included"
"2026-05-13T01:58:46.496Z","","","Included","premium","No","0","4476","350720","1481","356677","Included"
"2026-05-13T01:52:29.875Z","","","Included","premium","No","0","1024","113536","909","115469","Included"
"2026-05-13T01:48:31.585Z","","","Included","premium","No","0","15008","98688","794","114490","Included"
"2026-05-13T01:40:07.078Z","","","Included","premium","No","0","14674","502784","2096","519554","Included"
"2026-05-13T01:39:26.955Z","","","Included","premium","No","0","768","97536","634","98938","Included"
"2026-05-13T01:34:24.376Z","","","Included","premium","No","0","4649","93056","769","98474","Included"
"2026-05-13T01:32:41.281Z","","","Included","premium","No","0","89000","101120","1103","191223","Included"
"2026-05-12T11:34:14.911Z","","","Included","premium","No","0","575","92160","223","92958","Included"
"2026-05-12T11:33:12.880Z","","","Included","premium","No","0","605","91648","712","92965","Included"
"2026-05-12T11:32:49.764Z","","","Errored, No Charge","Premium (Codex 5.3)","No","","","","","","Free"
"2026-05-12T11:31:45.714Z","","","Included","premium","No","0","895","90496","1042","92433","Included"
"2026-05-12T11:29:09.162Z","","","Included","premium","No","0","693","89984","730","91407","Included"
"2026-05-12T11:28:52.381Z","","","Aborted, Not Charged","Premium (Codex 5.3)","No","","","","","","Free"
"2026-05-12T11:28:49.507Z","","","Errored, No Charge","Premium (Codex 5.3)","No","","","","","","Free"
"2026-05-12T11:28:14.763Z","","","Included","premium","No","0","82464","7680","526","90670","Included"
"2026-05-12T11:27:31.790Z","","","Aborted, Not Charged","Premium (Codex 5.3)","No","","","","","","Free"
"2026-05-12T11:19:50.914Z","","","Included","premium","No","0","53139","878976","3479","935594","Included"
"2026-05-12T11:16:11.139Z","","","Included","premium","No","0","20558","14720","1685","36963","Included"
"2026-05-12T11:13:51.329Z","","","Included","premium","No","0","20243","207744","3222","231209","Included"
"2026-05-12T11:12:57.432Z","","","Included","premium","No","0","7817","21120","513","29450","Included"
"2026-04-28T06:20:02.504Z","","","Included","Premium (Codex 5.3)","No","0","368","15360","59","15787","Included"
"2026-04-28T06:19:46.742Z","","","Included","Premium (Codex 5.3)","No","0","7819","7680","63","15562","Included"
"2026-04-27T02:13:34.527Z","","","Included","Premium (Codex 5.3)","No","0","369","186112","491","186972","Included"
"2026-04-27T02:12:44.833Z","","","Included","Premium (Codex 5.3)","No","0","6272","179712","252","186236","Included"
"2026-04-27T02:11:13.708Z","","","Included","Premium (Codex 5.3)","No","0","179657","185600","1361","366618","Included"
"2026-04-27T01:37:40.628Z","","","Included","Premium (Codex 5.3)","No","0","7353","1937664","5339","1950356","Included"
"2026-04-27T01:32:24.475Z","","","Included","Premium (Codex 5.3)","No","0","162163","347776","1215","511154","Included"
"2026-04-24T10:40:22.672Z","","","Included","Premium (Codex 5.3)","No","0","4215","833664","2808","840687","Included"
"2026-04-24T10:39:45.717Z","","","Included","Premium (Codex 5.3)","No","0","5438","157696","396","163530","Included"
"2026-04-24T10:37:23.222Z","","","Included","Premium (Codex 5.3)","No","0","8724","798208","3606","810538","Included"
"2026-04-24T10:35:11.813Z","","","Included","Premium (Codex 5.3)","No","0","959","629504","2021","632484","Included"
"2026-04-24T10:33:04.399Z","","","Included","Premium (Codex 5.3)","No","0","8719","453248","808","462775","Included"
"2026-04-24T10:31:11.514Z","","","Included","Premium (Codex 5.3)","No","0","8814","1046144","2519","1057477","Included"
"2026-04-24T10:27:36.576Z","","","Included","Premium (Codex 5.3)","No","0","2277","432384","2227","436888","Included"
"2026-04-24T10:23:54.646Z","","","Included","Premium (Codex 5.3)","No","0","10121","421504","3352","434977","Included"
"2026-04-24T10:21:35.626Z","","","Included","Premium (Codex 5.3)","No","0","5663","552064","4515","562242","Included"
"2026-04-24T10:20:16.191Z","","","Included","Premium (Codex 5.3)","No","0","4989","128512","740","134241","Included"
"2026-04-24T10:17:26.264Z","","","Included","Premium (Codex 5.3)","No","0","23022","1163648","3567","1190237","Included"
"2026-04-24T10:13:54.367Z","","","Included","Premium (Codex 5.3)","No","0","12898","968064","10338","991300","Included"
"2026-04-24T10:11:14.439Z","","","Included","Premium (Codex 5.3)","No","0","6238","541440","2891","550569","Included"
"2026-04-24T10:08:17.990Z","","","Included","Premium (Codex 5.3)","No","0","2980","956288","5334","964602","Included"
"2026-04-24T10:07:28.606Z","","","Included","Premium (Codex 5.3)","No","0","0","0","0","0","Included"
"2026-04-24T10:04:56.557Z","","","Included","Premium (Codex 5.3)","No","0","9496","299904","2431","311831","Included"
"2026-04-24T10:02:57.205Z","","","Included","Premium (Codex 5.3)","No","0","11606","386048","2963","400617","Included"
"2026-04-24T09:58:42.142Z","","","Included","Premium (Codex 5.3)","No","0","4837","454016","1742","460595","Included"
"2026-04-24T09:56:21.767Z","","","Included","Premium (Codex 5.3)","No","0","13653","253952","2841","270446","Included"
"2026-04-24T09:52:44.280Z","","","Included","Premium (Codex 5.3)","No","0","29669","812928","5876","848473","Included"
"2026-04-24T09:48:17.122Z","","","Included","Premium (Codex 5.3)","No","0","70159","1145344","6014","1221517","Included"
"2026-04-24T09:44:49.589Z","","","Included","Premium (Codex 5.3)","No","0","49131","340992","4322","394445","Included"
"2026-04-24T09:42:19.327Z","","","Included","Premium (Codex 5.3)","No","0","46067","753024","4601","803692","Included"
"2026-04-21T09:17:56.200Z","","","Included","Premium (Codex 5.3)","No","0","45322","64256","1141","110719","Included"
"2026-04-21T08:34:27.135Z","","","Included","Premium (Codex 5.3)","No","0","2181","26752","260","29193","Included"
"2026-04-21T08:33:17.783Z","","","Included","Premium (Codex 5.3)","No","0","7418","48256","1025","56699","Included"
"2026-04-21T08:31:54.188Z","","","Included","Premium (Codex 5.3)","No","0","21994","103680","1163","126837","Included"
"2026-04-21T03:50:23.694Z","","","Included","Premium (Codex 5.3)","No","0","13888","20992","825","35705","Included"
"2026-04-17T08:22:14.544Z","","","Included","Premium (Codex 5.3)","No","0","91510","116864","285","208659","Included"
"2026-04-17T07:44:05.834Z","","","Included","claude-4.6-opus-high","No","385","3","141277","55","141720","Included"
"2026-04-17T07:43:40.149Z","","","Included","claude-4.6-opus-high","No","141277","3","0","25","141305","Included"
"2026-04-16T09:54:58.004Z","","","Included","Premium (Codex 5.3)","No","0","8148","402688","1037","411873","Included"
"2026-04-16T09:50:44.268Z","","","Included","Premium (Codex 5.3)","No","0","92694","211072","681","304447","Included"
"2026-04-16T09:50:32.908Z","","","Errored, No Charge","Premium (Codex 5.3)","No","0","0","0","0","0","-"
"2026-04-16T09:47:26.865Z","","","Included","Premium (Codex 5.3)","No","0","177801","221184","1878","400863","Included"
"2026-04-16T09:36:49.966Z","","","Included","Premium (Codex 5.3)","No","0","172442","731776","6653","910871","Included"
"2026-04-16T09:25:09.441Z","","","Included","Premium (Codex 5.3)","No","0","104815","611840","2838","719493","Included"
"2026-04-16T09:23:57.494Z","","","Included","Premium (Codex 5.3)","No","0","3031","78464","116","81611","Included"
"2026-04-16T09:22:05.220Z","","","Included","Premium (Codex 5.3)","No","0","204115","357632","1284","563031","Included"
"2026-04-16T09:12:20.262Z","","","Included","Premium (Codex 5.3)","No","0","1179","77056","221","78456","Included"
"2026-04-16T09:12:09.438Z","","","Errored, No Charge","Premium (Codex 5.3)","No","0","0","0","0","0","-"
"2026-04-16T09:10:37.685Z","","","Included","Premium (Codex 5.3)","No","0","65538","90752","1442","157732","Included"
"2026-04-16T09:03:49.600Z","","","Included","Premium (Codex 5.3)","No","0","63734","12800","573","77107","Included"
"2026-04-16T09:03:38.427Z","","","Errored, No Charge","Premium (Codex 5.3)","No","0","0","0","0","0","-"
"2026-04-16T08:37:20.167Z","","","Included","Premium (Codex 5.3)","No","0","81421","372992","1966","456379","Included"
"2026-04-16T08:32:30.627Z","","","Included","Premium (Codex 5.3)","No","0","60560","220288","2686","283534","Included"
"2026-04-16T08:22:33.261Z","","","Included","Premium (Codex 5.3)","No","0","47998","527872","3775","579645","Included"
"2026-04-16T08:09:12.319Z","","","Included","Premium (Codex 5.3)","No","0","100698","1286656","17925","1405279","Included"
"2026-04-16T08:03:45.858Z","","","Included","Premium (Codex 5.3)","No","0","573393","765824","10607","1349824","Included"
"2026-04-16T08:03:18.611Z","","","Included","Premium (Codex 5.3)","No","0","315256","496000","25707","836963","Included"
"2026-04-16T08:01:27.508Z","","","Included","Premium (Codex 5.3)","No","0","238998","257024","1993","498015","Included"
"2026-04-16T07:32:45.090Z","","","Included","Premium (Codex 5.3)","No","0","235970","7680","37","243687","Included"
"2026-04-16T07:14:27.103Z","","","Included","claude-4.6-opus-high","No","0","0","0","0","0","Included"
"2026-04-16T06:34:02.508Z","","","Included","Premium (Codex 5.3)","No","0","10380","5632","2262","18274","Included"
"2026-04-16T06:33:28.111Z","","","Included","Premium (Codex 5.3)","No","0","11052","4608","176","15836","Included"
"2026-04-16T06:08:24.249Z","","","Included","Premium (Codex 5.3)","No","0","4254","1206016","1247","1211517","Included"
"2026-04-16T06:06:55.495Z","","","Included","Premium (Codex 5.3)","No","0","3408","955392","1316","960116","Included"
"2026-04-16T06:06:16.305Z","","","Included","Premium (Codex 5.3)","No","0","6019","231680","470","238169","Included"
"2026-04-16T06:02:35.960Z","","","Included","Premium (Codex 5.3)","No","0","223613","719744","1962","945319","Included"
"2026-04-16T05:31:56.665Z","","","Included","Premium (Codex 5.3)","No","0","218817","474368","916","694101","Included"
"2026-04-16T05:31:41.138Z","","","Aborted, Not Charged","Premium (Codex 5.3)","No","0","0","0","0","0","0.00"
"2026-04-16T04:03:33.677Z","","","Included","Premium (Codex 5.3)","No","0","4369","1370752","2084","1377205","Included"
"2026-04-16T04:02:34.957Z","","","Included","Premium (Codex 5.3)","No","0","527","224768","128","225423","Included"
"2026-04-16T04:01:04.770Z","","","Included","Premium (Codex 5.3)","No","0","1619","223104","168","224891","Included"
"2026-04-16T03:54:55.530Z","","","Included","Premium (Codex 5.3)","No","0","5007","667648","1488","674143","Included"
"2026-04-16T03:51:34.651Z","","","Included","Premium (Codex 5.3)","No","0","12125","1323648","2755","1338528","Included"
"2026-04-16T03:45:49.538Z","","","Included","Premium (Codex 5.3)","No","0","10556","1292800","3146","1306502","Included"
"2026-04-16T03:43:21.289Z","","","Included","Premium (Codex 5.3)","No","0","4828","624640","1654","631122","Included"
"2026-04-16T03:34:57.133Z","","","Included","Premium (Codex 5.3)","No","0","1468","203264","222","204954","Included"
"2026-04-16T03:32:41.469Z","","","Included","Premium (Codex 5.3)","No","0","1733","610816","1102","613651","Included"
"2026-04-16T03:32:03.050Z","","","Included","Premium (Codex 5.3)","No","0","3166","402432","727","406325","Included"
"2026-04-16T03:23:17.900Z","","","Included","Premium (Codex 5.3)","No","0","5671","805120","3567","814358","Included"
"2026-04-16T03:16:55.398Z","","","Included","Premium (Codex 5.3)","No","0","8396","1186944","3273","1198613","Included"
"2026-04-16T03:13:00.091Z","","","Included","Premium (Codex 5.3)","No","0","15280","760192","1695","777167","Included"
"2026-04-16T03:03:42.387Z","","","Included","Premium (Codex 5.3)","No","0","15998","732672","1344","750014","Included"
"2026-04-16T02:52:00.810Z","","","Included","Premium (Codex 5.3)","No","0","10452","699392","805","710649","Included"
"2026-04-16T02:36:59.602Z","","","Included","Premium (Codex 5.3)","No","0","159653","701184","2118","862955","Included"
"2026-04-16T02:27:23.562Z","","","Included","Premium (Codex 5.3)","No","0","2113","500736","819","503668","Included"
"2026-04-16T02:23:37.169Z","","","Included","Premium (Codex 5.3)","No","0","3701","494336","717","498754","Included"
"2026-04-16T02:21:05.548Z","","","Included","Premium (Codex 5.3)","No","0","4468","1145728","1420","1151616","Included"
"2026-04-16T02:20:16.466Z","","","Included","Premium (Codex 5.3)","No","0","5247","157312","321","162880","Included"
"2026-04-16T02:16:47.263Z","","","Included","Premium (Codex 5.3)","No","0","13313","634112","2012","649437","Included"
"2026-04-16T02:13:27.788Z","","","Included","Premium (Codex 5.3)","No","0","152261","644480","1030","797771","Included"
"2026-04-16T02:09:54.878Z","","","Included","Premium (Codex 5.3)","No","0","8719","1068928","2539","1080186","Included"
"2026-04-16T02:06:58.856Z","","","Included","Premium (Codex 5.3)","No","0","11002","430848","361","442211","Included"
"2026-04-16T02:03:25.570Z","","","Included","Premium (Codex 5.3)","No","0","29651","692608","1447","723706","Included"
"2026-04-16T01:57:51.142Z","","","Included","Premium (Codex 5.3)","No","0","128415","142080","563","271058","Included"
"2026-04-16T01:51:57.036Z","","","Included","Premium (Codex 5.3)","No","0","119442","1319168","4068","1442678","Included"
"2026-04-15T10:45:57.643Z","","","Included","Premium (Codex 5.3)","No","0","10615","559360","1236","571211","Included"
"2026-04-15T10:45:09.629Z","","","Included","Premium (Codex 5.3)","No","0","98583","113024","643","212250","Included"
"2026-04-15T08:46:40.658Z","","","Included","Premium (Codex 5.3)","No","0","92397","429184","993","522574","Included"
"2026-04-15T07:48:40.248Z","","","Included","Premium (Codex 5.3)","No","0","89265","12800","1011","103076","Included"
"2026-04-15T07:10:29.661Z","","","Included","Premium (Codex 5.3)","No","0","702","13824","404","14930","Included"
"2026-04-15T07:06:55.509Z","","","Included","Premium (Codex 5.3)","No","0","700","13312","468","14480","Included"
"2026-04-15T07:06:06.331Z","","","Included","Premium (Codex 5.3)","No","0","227","13184","563","13974","Included"
"2026-04-15T07:05:50.825Z","","","Included","Premium (Codex 5.3)","No","0","6607","6656","142","13405","Included"
"2026-04-15T06:52:56.367Z","","","Included","Premium (Codex 5.3)","No","0","88337","412544","1502","502383","Included"
"2026-04-15T06:26:36.399Z","","","Included","Premium (Codex 5.3)","No","0","82388","202880","759","286027","Included"
"2026-04-15T06:12:46.188Z","","","Included","Premium (Codex 5.3)","No","0","81291","12800","26","94117","Included"
"2026-04-15T03:57:24.748Z","","","Included","Premium (Codex 5.3)","No","0","2828","276992","1422","281242","Included"
"2026-04-15T03:56:20.397Z","","","Included","Premium (Codex 5.3)","No","0","5568","269184","514","275266","Included"
"2026-04-15T03:54:54.847Z","","","Included","Premium (Codex 5.3)","No","0","77389","280320","1291","359000","Included"
"2026-04-15T03:25:57.754Z","","","Included","Premium (Codex 5.3)","No","0","71764","265472","1994","339230","Included"
"2026-04-15T02:55:49.389Z","","","Included","Premium (Codex 5.3)","No","0","69198","251008","3431","323637","Included"
"2026-04-15T02:18:59.587Z","","","Included","Premium (Codex 5.3)","No","0","415","14592","186","15193","Included"
"2026-04-15T02:18:37.972Z","","","Included","Premium (Codex 5.3)","No","0","676","14080","308","15064","Included"
"2026-04-15T02:17:53.097Z","","","Included","Premium (Codex 5.3)","No","0","440","13824","533","14797","Included"
"2026-04-15T02:17:23.517Z","","","Included","Premium (Codex 5.3)","No","0","472","13440","635","14547","Included"
"2026-04-15T02:16:52.239Z","","","Included","Premium (Codex 5.3)","No","0","560","13056","322","13938","Included"
"2026-04-15T02:16:33.402Z","","","Included","Premium (Codex 5.3)","No","0","1449","11776","404","13629","Included"
"2026-04-14T10:56:03.817Z","","","Included","Premium (Codex 5.3)","No","0","64201","12800","468","77469","Included"
"2026-04-14T10:21:51.378Z","","","Included","Premium (Codex 5.3)","No","0","874","228736","840","230450","Included"
"2026-04-14T10:21:12.627Z","","","Included","Premium (Codex 5.3)","No","0","62635","12800","186","75621","Included"
"2026-04-14T10:04:49.937Z","","","Included","Premium (Codex 5.3)","No","0","4357","372992","1380","378729","Included"
"2026-04-14T10:02:39.426Z","","","Included","Premium (Codex 5.3)","No","0","66999","225152","1269","293420","Included"
"2026-04-14T09:09:05.129Z","","","Included","Premium (Codex 5.3)","No","0","464","70784","192","71440","Included"
"2026-04-14T09:08:40.344Z","","","Included","Premium (Codex 5.3)","No","0","835","70016","52","70903","Included"
"2026-04-14T09:06:38.899Z","","","Included","Premium (Codex 5.3)","No","0","57441","83072","658","141171","Included"
"2026-04-14T08:16:25.281Z","","","Included","Premium (Codex 5.3)","No","0","623","68992","215","69830","Included"
"2026-04-14T08:15:46.509Z","","","Included","Premium (Codex 5.3)","No","0","5248","63872","280","69400","Included"
"2026-04-14T08:12:43.444Z","","","Included","Premium (Codex 5.3)","No","0","55926","744832","2746","803504","Included"
"2026-04-14T07:44:50.266Z","","","Included","Premium (Codex 5.3)","No","0","134935","289664","702","425301","Included"
"2026-04-14T07:29:39.455Z","","","Included","Premium (Codex 5.3)","No","0","3036","187136","1385","191557","Included"
"2026-04-14T07:28:23.919Z","","","Included","Premium (Codex 5.3)","No","0","4440","240768","1204","246412","Included"
"2026-04-14T07:25:19.119Z","","","Included","Premium (Codex 5.3)","No","0","15919","340736","1700","358355","Included"
"2026-04-14T07:22:46.105Z","","","Included","Premium (Codex 5.3)","No","0","42298","395648","1858","439804","Included"
"2026-04-14T07:18:14.274Z","","","Included","Premium (Codex 5.3)","No","0","40118","696320","5490","741928","Included"
"2026-04-10T02:23:26.681Z","","","User API Key","GLM-5","No","0","0","0","0","0","0.00"
"2026-04-10T02:22:30.462Z","","","User API Key","GLM-5","No","0","0","0","0","0","0.00"
"2026-04-10T02:22:24.849Z","","","User API Key","GLM-5","No","0","0","0","0","0","0.00"
"2026-04-10T02:21:17.595Z","","","User API Key","GLM-5","No","0","0","0","0","0","0.00"
"2026-04-10T02:21:03.033Z","","","User API Key","GLM-5","No","0","0","0","0","0","0.00"
"2026-04-10T02:18:36.171Z","","","User API Key","GLM-5","No","0","0","0","0","0","0.00"
"2026-04-10T02:17:59.691Z","","","User API Key","GLM-5","No","0","0","0","0","0","0.00"
"2026-04-10T02:17:27.216Z","","","User API Key","GLM-5.1","No","0","0","0","0","0","0.00"
"2026-04-10T02:05:28.978Z","","","User API Key","GLM-5","No","0","0","0","0","0","0.00"
"2026-04-10T01:58:33.206Z","","","User API Key","GLM-5.1","No","0","0","0","0","0","0.00"
"2026-04-10T01:54:25.777Z","","","User API Key","GLM-5.1","No","0","0","0","0","0","0.00"
"2026-04-10T01:49:33.037Z","","","User API Key","GLM-5.1","No","0","0","0","0","0","0.00"
"2026-04-09T10:56:39.785Z","","","User API Key","GLM-5.1","No","0","0","0","0","0","0.00"
"2026-04-09T10:55:50.165Z","","","User API Key","GLM-5.1","No","0","0","0","0","0","0.00"
"2026-04-09T10:46:19.600Z","","","User API Key","GLM-5.1","No","0","0","0","0","0","0.00"
"2026-04-09T10:36:06.547Z","","","User API Key","GLM-5.1","No","0","0","0","0","0","0.00"
"2026-04-09T10:30:04.580Z","","","User API Key","GLM-5.1","No","0","0","0","0","0","0.00"
"2026-04-09T10:26:28.908Z","","","User API Key","GLM-5.1","No","0","0","0","0","0","0.00"
"2026-04-09T10:25:01.008Z","","","User API Key","GLM-5.1","No","0","19389","0","1325","20714","0.00"
"2026-04-09T10:23:00.880Z","","","User API Key","GLM-5.1","No","0","0","0","0","0","0.00"
"2026-04-09T09:51:50.564Z","","","User API Key","GLM-5.1","No","0","0","0","0","0","0.00"
"2026-04-09T09:51:06.723Z","","","Included","auto","No","0","0","0","0","0","Included"
"2026-04-09T09:50:43.528Z","","","Included","auto","No","0","6024","89216","485","95725","Included"
"2026-04-09T09:48:17.714Z","","","Included","auto","No","0","7040","101376","4568","112984","Included"
"2026-04-09T09:44:28.580Z","","","User API Key","GLM-5.1","No","0","0","0","0","0","0.00"
"2026-04-09T09:44:00.964Z","","","User API Key","GLM-5.1","No","0","0","0","0","0","0.00"
"2026-04-09T09:43:56.934Z","","","User API Key","GLM-5.1","No","0","0","0","0","0","0.00"
"2026-04-09T09:43:01.595Z","","","User API Key","GLM-5.1","No","0","0","0","0","0","0.00"
"2026-04-09T09:42:24.448Z","","","User API Key","GLM-5.1","No","0","0","0","0","0","0.00"
"2026-04-09T09:42:18.796Z","","","User API Key","GLM-5.1","No","0","0","0","0","0","0.00"
"2026-04-09T09:38:11.300Z","","","User API Key","GLM-5.1","No","0","0","0","0","0","0.00"
"2026-04-09T09:38:02.287Z","","","User API Key","GLM-5.1","No","0","0","0","0","0","0.00"
"2026-04-09T09:37:05.489Z","","","User API Key","GLM-5.1","No","0","0","0","0","0","0.00"
"2026-04-09T09:36:33.776Z","","","User API Key","GLM-5.1","No","0","0","0","0","0","0.00"
"2026-04-09T09:36:21.709Z","","","User API Key","GLM-5.1","No","0","0","0","0","0","0.00"
"2026-04-09T09:36:05.634Z","","","User API Key","GLM-5.1","No","0","0","0","0","0","0.00"
"2026-04-09T08:56:35.345Z","","","User API Key","GLM-5.1","No","0","14989","0","852","15841","0.00"
"2026-04-09T08:51:23.247Z","","","User API Key","GLM-5.1","No","0","0","0","0","0","0.00"
"2026-04-09T08:50:49.553Z","","","User API Key","GLM-5.1","No","0","0","0","0","0","0.00"
"2026-04-09T08:43:04.336Z","","","User API Key","GLM-5.1","No","0","0","0","0","0","0.00"
"2026-04-09T08:39:56.713Z","","","Included","auto","No","0","2773","125568","1085","129426","Included"
"2026-04-09T08:39:11.829Z","","","Included","auto","No","0","323","29696","444","30463","Included"
"2026-04-09T08:38:37.948Z","","","Included","auto","No","0","16752","12800","275","29827","Included"
"2026-04-09T08:28:38.152Z","","","Included","auto","No","0","2658","111360","2036","116054","Included"
"2026-04-09T08:27:48.030Z","","","Included","auto","No","0","1943","76288","437","78668","Included"
"2026-04-09T08:26:10.104Z","","","Included","auto","No","0","2275","73344","1611","77230","Included"
"2026-04-09T08:25:41.043Z","","","Included","auto","No","0","7080","39424","612","47116","Included"
"2026-04-09T08:24:28.472Z","","","Included","auto","No","0","8465","73984","2072","84521","Included"
"2026-04-09T08:22:49.058Z","","","Included","auto","No","0","2614","14336","21","16971","Included"
"2026-04-09T08:21:00.769Z","","","Included","auto","No","0","7572","90368","1350","99290","Included"
"2026-04-09T08:20:11.453Z","","","User API Key","gpt-5.3-codex-high","No","0","0","0","0","0","0.00"
"2026-04-09T08:18:43.943Z","","","User API Key","GLM-5.1","No","0","0","0","0","0","0.00"
"2026-04-09T08:17:52.697Z","","","User API Key","GLM-5.1","No","0","0","0","0","0","0.00"
"2026-04-09T08:14:44.622Z","","","User API Key","GLM-5.1","No","0","0","0","0","0","0.00"
"2026-04-09T08:13:54.734Z","","","User API Key","GLM-5.1","No","0","0","0","0","0","0.00"
"2026-04-09T08:12:06.045Z","","","User API Key","GLM-5.1","No","0","0","0","0","0","0.00"
"2026-04-09T08:06:09.303Z","","","User API Key","GLM-5.1","No","0","0","0","0","0","0.00"
"2026-04-09T08:01:28.497Z","","","User API Key","GLM-5.1","No","0","0","0","0","0","0.00"
"2026-04-09T08:01:12.430Z","","","Errored, No Charge","GLM-5.1","No","0","0","0","0","0","-"
"2026-04-09T07:55:18.204Z","","","User API Key","GLM-5.1","No","0","0","0","0","0","0.00"
"2026-04-09T07:51:25.162Z","","","User API Key","GLM-5","No","0","0","0","0","0","0.00"
"2026-04-09T07:48:01.470Z","","","User API Key","GLM-5.1","No","0","0","0","0","0","0.00"
"2026-04-09T07:47:17.963Z","","","User API Key","GLM-5.1","No","0","0","0","0","0","0.00"
"2026-04-09T07:47:05.907Z","","","User API Key","GLM-5.1","No","0","0","0","0","0","0.00"
"2026-04-09T07:21:57.783Z","","","User API Key","GLM-5.1","No","0","0","0","0","0","0.00"
"2026-04-09T07:21:38.808Z","","","User API Key","GLM-5.1","No","0","0","0","0","0","0.00"
"2026-04-09T07:21:32.387Z","","","User API Key","GLM-5.1","No","0","0","0","0","0","0.00"
"2026-04-09T07:21:25.830Z","","","User API Key","GLM-5.1","No","0","0","0","0","0","0.00"
"2026-04-09T07:21:16.567Z","","","User API Key","GLM-5.1","No","0","0","0","0","0","0.00"
"2026-04-09T07:20:56.252Z","","","User API Key","GLM-5.1","No","0","0","0","0","0","0.00"
"2026-04-09T07:17:40.373Z","","","Included","auto","No","0","11537","157440","1835","170812","Included"
"2026-04-09T07:16:42.251Z","","","User API Key","GLM-5.1","No","0","0","0","0","0","0.00"
"2026-04-09T07:16:37.604Z","","","User API Key","GLM-5.1","No","0","0","0","0","0","0.00"
"2026-04-09T07:16:06.087Z","","","User API Key","GLM-5.1","No","0","0","0","0","0","0.00"
"2026-04-09T07:13:55.633Z","","","User API Key","GLM-5.1","No","0","0","0","0","0","0.00"
"2026-04-09T07:12:37.116Z","","","User API Key","GLM-5.1","No","0","0","0","0","0","0.00"
"2026-04-09T07:10:36.051Z","","","User API Key","GLM-5.1","No","0","0","0","0","0","0.00"
"2026-04-09T07:10:32.364Z","","","User API Key","GLM-5.1","No","0","0","0","0","0","0.00"
"2026-04-09T07:09:44.360Z","","","User API Key","GLM-5.1","No","0","0","0","0","0","0.00"
"2026-04-09T07:09:39.559Z","","","User API Key","GLM-5.1","No","0","0","0","0","0","0.00"
"2026-04-09T07:08:19.034Z","","","User API Key","GLM-5.1","No","0","0","0","0","0","0.00"
"2026-04-09T07:08:05.199Z","","","User API Key","GLM-5.1","No","0","0","0","0","0","0.00"
"2026-04-09T07:06:37.911Z","","","User API Key","GLM-5.1","No","0","0","0","0","0","0.00"
"2026-04-09T07:04:04.183Z","","","User API Key","GLM-5","No","0","0","0","0","0","0.00"
"2026-04-09T07:02:17.616Z","","","User API Key","GLM-5","No","0","0","0","0","0","0.00"
"2026-04-09T07:01:54.913Z","","","User API Key","GLM-5","No","0","0","0","0","0","0.00"
"2026-04-09T06:57:30.482Z","","","User API Key","GLM-5.1","No","0","0","0","0","0","0.00"
"2026-04-09T06:57:19.481Z","","","User API Key","GLM-5.1","No","0","0","0","0","0","0.00"
"2026-04-09T06:57:12.917Z","","","User API Key","GLM-5.1","No","0","0","0","0","0","0.00"
"2026-04-09T06:56:04.465Z","","","Errored, No Charge","GLM-5.1","No","0","0","0","0","0","-"
"2026-04-09T06:55:58.925Z","","","User API Key","GLM-5.1","No","0","0","0","0","0","0.00"
"2026-04-09T06:55:39.263Z","","","User API Key","GLM-5.1","No","0","0","0","0","0","0.00"
"2026-04-09T06:52:02.197Z","","","User API Key","GLM-5.1","No","0","0","0","0","0","0.00"
"2026-04-09T06:51:12.049Z","","","User API Key","GLM-5.1","No","0","0","0","0","0","0.00"
"2026-04-09T03:39:09.178Z","","","User API Key","GLM-5.1","No","0","0","0","0","0","0.00"
"2026-04-09T03:38:57.078Z","","","User API Key","GLM-5.1","No","0","0","0","0","0","0.00"
"2026-04-09T03:38:31.901Z","","","User API Key","GLM-5.1","No","0","0","0","0","0","0.00"
"2026-04-09T03:36:48.439Z","","","User API Key","GLM-5","No","0","0","0","0","0","0.00"
"2026-04-09T03:31:50.070Z","","","User API Key","glm-5","No","0","0","0","0","0","0.00"
"2026-04-09T03:31:32.626Z","","","User API Key","glm-5","No","0","0","0","0","0","0.00"
"2026-04-09T03:22:47.797Z","","","User API Key","glm-5","No","0","0","0","0","0","0.00"
"2026-04-09T03:19:51.321Z","","","User API Key","glm-5","No","0","0","0","0","0","0.00"
"2026-04-09T03:19:47.490Z","","","User API Key","glm-5","No","0","0","0","0","0","0.00"
"2026-04-09T03:19:40.013Z","","","User API Key","glm-5","No","0","0","0","0","0","0.00"
"2026-04-09T03:18:32.041Z","","","User API Key","glm-5","No","0","0","0","0","0","0.00"
"2026-04-09T03:18:10.771Z","","","User API Key","GLM-5.5","No","0","0","0","0","0","0.00"
"2026-04-09T02:59:20.169Z","","","Included","auto","No","0","684","73472","1000","75156","Included"
"2026-04-09T02:58:14.324Z","","","Included","auto","No","0","845","72704","456","74005","Included"
"2026-04-09T02:57:19.910Z","","","Included","auto","No","0","958","71936","498","73392","Included"
"2026-04-09T02:56:09.074Z","","","Included","auto","No","0","64921","7168","648","72737","Included"
"2026-04-09T02:15:54.397Z","","","Included","auto","No","0","64845","352000","3811","420656","Included"
"2026-04-08T09:49:14.235Z","","","Included","auto","No","0","3123","254592","1138","258853","Included"
"2026-04-08T09:48:45.832Z","","","Included","auto","No","0","0","0","0","0","Included"
"2026-04-08T09:46:57.908Z","","","Included","auto","No","0","52707","134656","1009","188372","Included"
"2026-04-08T09:43:08.574Z","","","Included","auto","No","0","48483","255360","915","304758","Included"
"2026-04-08T09:39:40.089Z","","","Included","auto","No","0","46815","187648","880","235343","Included"
"2026-04-08T08:34:32.793Z","","","Included","auto","No","0","1913","168832","1908","172653","Included"
"2026-04-08T08:32:51.138Z","","","Included","auto","No","0","8378","157312","1512","167202","Included"
"2026-04-08T08:31:21.293Z","","","Included","auto","No","0","3131","103808","1143","108082","Included"
"2026-04-08T08:29:39.533Z","","","Included","auto","No","0","39487","170112","1861","211460","Included"
"2026-04-08T08:27:45.942Z","","","Included","auto","No","0","36468","307840","2215","346523","Included"
"2026-04-08T02:35:24.667Z","","","Included","auto","No","0","11432","376064","4458","391954","Included"
"2026-04-08T02:33:36.198Z","","","Included","auto","No","0","9660","254976","4276","268912","Included"
"2026-04-08T02:32:05.861Z","","","Included","auto","No","0","21751","160512","3806","186069","Included"
"2026-04-07T06:29:38.441Z","","","Included","auto","No","0","237674","1465856","11875","1715405","Included"
"2026-04-07T06:25:23.871Z","","","Included","auto","No","0","38666","355328","5846","399840","Included"
"2026-03-19T09:17:40.395Z","","","User API Key","GLM-4.7","No","0","0","0","0","0","0.00"
"2026-03-19T09:16:18.107Z","","","User API Key","GLM-4.7","No","0","0","0","0","0","0.00"
"2026-03-19T09:14:01.127Z","","","User API Key","GLM-4.7","No","0","0","0","0","0","0.00"
"2026-03-19T09:12:05.093Z","","","Errored, No Charge","auto","No","0","0","0","0","0","-"
"2026-03-19T09:11:28.550Z","","","Errored, No Charge","auto","No","0","0","0","0","0","-"
"2026-03-19T09:11:00.573Z","","","Errored, No Charge","auto","No","0","0","0","0","0","-"
"2026-03-19T09:10:54.693Z","","","Errored, No Charge","auto","No","0","0","0","0","0","-"
"2026-03-19T09:01:40.912Z","","","Errored, No Charge","auto","No","0","0","0","0","0","-"
"2026-03-19T09:01:06.730Z","","","Errored, No Charge","auto","No","0","0","0","0","0","-"
"2026-03-19T09:00:38.629Z","","","Errored, No Charge","auto","No","0","0","0","0","0","-"
"2026-03-19T09:00:33.816Z","","","Errored, No Charge","auto","No","0","0","0","0","0","-"
"2026-03-19T08:46:26.788Z","","","Errored, No Charge","auto","No","0","0","0","0","0","-"
"2026-03-19T08:45:38.325Z","","","Errored, No Charge","auto","No","0","0","0","0","0","-"
"2026-03-19T08:45:09.788Z","","","Errored, No Charge","auto","No","0","0","0","0","0","-"
"2026-03-19T08:45:05.134Z","","","Errored, No Charge","auto","No","0","0","0","0","0","-"
"2026-03-19T08:42:46.778Z","","","Errored, No Charge","auto","No","0","0","0","0","0","-"
"2026-03-19T08:42:14.107Z","","","Errored, No Charge","auto","No","0","0","0","0","0","-"
"2026-03-19T08:41:46.066Z","","","Errored, No Charge","auto","No","0","0","0","0","0","-"
"2026-03-19T08:41:39.889Z","","","Errored, No Charge","auto","No","0","0","0","0","0","-"
"2026-03-19T02:47:19.094Z","","","Included","auto","No","0","256208","1263104","15044","1534356","Included"
"2026-03-18T11:07:18.090Z","","","Included","auto","No","0","3394","128128","2660","134182","Included"
"2026-03-18T11:06:00.513Z","","","Included","auto","No","0","2668","127872","1149","131689","Included"
"2026-03-18T11:04:39.428Z","","","Included","auto","No","0","44881","84352","1086","130319","Included"
"2026-03-18T11:02:44.080Z","","","Included","auto","No","0","14684","113536","1950","130170","Included"
"2026-03-18T10:59:33.967Z","","","Included","auto","No","0","13603","113536","852","127991","Included"
"2026-03-18T10:50:24.743Z","","","Included","auto","No","0","141842","450304","5881","598027","Included"
"2026-03-18T10:47:53.501Z","","","Included","auto","No","0","170507","197888","2026","370421","Included"
"2026-03-18T09:35:44.479Z","","","Included","auto","No","0","70030","175488","483","246001","Included"
"2026-03-18T09:35:38.435Z","","","Errored, No Charge","auto","No","0","0","0","0","0","-"
"2026-03-18T03:49:53.765Z","","","Included","auto","No","0","77988","169472","1686","249146","Included"
"2026-03-18T03:19:58.672Z","","","Included","auto","No","0","5085","74752","1132","80969","Included"
"2026-03-18T02:57:10.508Z","","","Included","auto","No","0","4494","217600","1237","223331","Included"
"2026-03-18T02:53:02.295Z","","","Included","auto","No","0","13198","537600","2955","553753","Included"
"2026-03-18T02:44:54.662Z","","","Included","auto","No","0","55210","65536","1962","122708","Included"
"2026-03-18T02:00:44.382Z","","","Included","auto","No","0","1286","57344","981","59611","Included"
"2026-03-18T01:55:23.528Z","","","Included","auto","No","0","17053","590848","3941","611842","Included"
"2026-03-18T01:35:32.021Z","","","Included","auto","No","0","22857","973312","8914","1005083","Included"
"2026-03-18T01:30:32.072Z","","","Included","auto","No","0","42035","1161728","5840","1209603","Included"
"2026-03-18T01:28:54.065Z","","","Included","auto","No","0","1287","177152","901","179340","Included"
"2026-03-18T01:26:40.597Z","","","Included","auto","No","0","171207","6144","886","178237","Included"
"2026-03-17T10:51:02.508Z","","","Included","auto","No","0","1884","350208","958","353050","Included"
"2026-03-17T10:48:36.270Z","","","Included","auto","No","0","9816","848896","2603","861315","Included"
"2026-03-17T10:43:32.522Z","","","Included","auto","No","0","20914","1098240","3160","1122314","Included"
"2026-03-17T10:41:39.677Z","","","Included","auto","No","0","1443","146432","898","148773","Included"
"2026-03-17T10:23:50.808Z","","","Included","auto","No","0","9266","133632","531","143429","Included"
"2026-03-17T10:21:09.825Z","","","Included","auto","No","0","145796","285184","884","431864","Included"
"2026-03-17T10:05:07.608Z","","","Included","auto","No","0","119949","14336","642","134927","Included"
"2026-03-17T10:02:42.293Z","","","Included","auto","No","0","2239","131584","423","134246","Included"
"2026-03-17T09:46:21.793Z","","","Included","auto","No","0","118506","14336","793","133635","Included"
"2026-03-17T09:44:18.064Z","","","Included","auto","No","0","911","130816","1820","133547","Included"
"2026-03-17T09:41:00.364Z","","","Included","auto","No","0","116499","14336","788","131623","Included"
"2026-03-17T09:38:58.611Z","","","Included","auto","No","0","115898","14336","656","130890","Included"
"2026-03-17T09:36:59.642Z","","","Included","auto","No","0","1310","128000","1096","130406","Included"
"2026-03-17T09:35:28.756Z","","","Included","auto","No","0","113739","14336","1184","129259","Included"
"2026-03-17T09:32:21.354Z","","","Included","auto","No","0","1232","126080","1085","128397","Included"
"2026-03-17T09:28:39.107Z","","","Included","auto","No","0","111986","14208","1251","127445","Included"
"2026-03-17T09:18:30.233Z","","","Included","auto","No","0","222276","275968","1323","499567","Included"
"2026-03-17T08:55:11.734Z","","","Included","auto","No","0","4498","118144","1093","123735","Included"
"2026-03-17T08:53:41.776Z","","","Included","auto","No","0","1813","119424","623","121860","Included"
"2026-03-17T08:50:39.922Z","","","Included","auto","No","0","2309","117248","2334","121891","Included"
"2026-03-17T08:48:11.549Z","","","Included","auto","No","0","104057","14208","1508","119773","Included"
"2026-03-17T08:46:18.179Z","","","Included","auto","No","0","103019","14336","814","118169","Included"
"2026-03-17T08:39:00.353Z","","","Included","auto","No","0","1569","119296","849","121714","Included"
"2026-03-17T08:28:16.360Z","","","Included","auto","No","0","5748","465408","1428","472584","Included"
"2026-03-17T08:26:20.841Z","","","Included","auto","No","0","1582","113152","1163","115897","Included"
"2026-03-17T08:09:44.692Z","","","Included","auto","No","0","2945","110592","920","114457","Included"
"2026-03-17T08:02:47.412Z","","","Included","auto","No","0","33436","2361856","3217","2398509","Included"
"2026-03-17T07:55:29.416Z","","","Included","auto","No","0","5361","180736","1534","187631","Included"
"2026-03-17T07:51:47.241Z","","","Included","auto","No","0","150026","206592","1230","357848","Included"
"2026-03-17T07:32:17.677Z","","","Included","auto","No","0","83732","355328","1988","441048","Included"
"2026-03-13T10:31:39.264Z","","","Included","auto","No","0","1022","83584","671","85277","Included"
"2026-03-13T10:22:34.915Z","","","Included","auto","No","0","845","82816","967","84628","Included"
"2026-03-13T10:13:28.934Z","","","Included","auto","No","0","1670","81152","715","83537","Included"
"2026-03-13T10:07:10.318Z","","","Included","auto","No","0","738","80512","1900","83150","Included"
"2026-03-13T10:05:23.192Z","","","Included","auto","No","0","1594","78976","584","81154","Included"
"2026-03-13T10:02:51.743Z","","","Included","auto","No","0","71498","93952","2310","167760","Included"
"2026-03-12T09:19:09.264Z","","","Included","auto","No","0","177157","185344","2959","365460","Included"
"2026-03-12T07:17:05.555Z","","","Included","auto","No","0","10210","620032","6017","636259","Included"
"2026-03-12T07:12:43.035Z","","","Included","auto","No","0","66327","920576","4790","991693","Included"
"2026-03-11T10:53:48.732Z","","","Included","auto","No","0","88696","192000","4337","285033","Included"
"2026-03-10T06:01:12.634Z","","","Included","auto","No","0","216670","1263104","8640","1488414","Included"
